orig_R1,A_tau,A_cover,A_R1,A_gain_R1,B_cover,B_R1,B_gain_R1
45.1,0.8264429271221161,0.25,38.2,-6.899999999999999,0.25,37.0,-8.100000000000001
